Repo_id,URL,VAG,AWS,AZ,PUP,TF/OT,SS,PUL,BIC,DOCK,CHEF,GOOG,KUB,validated_files
claranet_spryker-demoshop,https://github.com/claranet/spryker-demoshop,0,0,0,0,0,0,0,0,1,0,0,0,
nocproject_noc,https://github.com/nocproject/noc,0,0,0,0,0,0,0,0,1,0,0,0,
MaharaProject_mahara,https://github.com/MaharaProject/mahara,0,0,0,0,0,0,0,0,1,0,0,0,
mirumee_saleor,https://github.com/mirumee/saleor,0,0,0,0,0,0,0,0,1,0,0,0,
cfpb_hmda-platform,https://github.com/cfpb/hmda-platform,0,0,0,0,0,0,0,0,1,0,0,1,
superdesk_superdesk,https://github.com/superdesk/superdesk,0,0,0,0,0,0,0,0,1,0,0,0,
EGroupware_egroupware,https://github.com/EGroupware/egroupware,0,0,0,0,0,0,0,0,1,0,0,0,
mozilla-bteam_bmo,https://github.com/mozilla-bteam/bmo,0,0,0,0,0,0,0,0,1,0,0,0,
golastmile_rasa_nlu,https://github.com/golastmile/rasa_nlu,0,0,0,0,0,0,0,0,1,0,0,0,
taskcluster_taskcluster,https://github.com/taskcluster/taskcluster,1,0,0,0,0,0,0,0,1,0,0,0,C:\Users\camyi\taskcluster_taskcluster\workers\docker-worker\Vagrantfile
samvera_hyrax,https://github.com/samvera/hyrax,0,0,0,0,0,0,0,0,1,0,0,0,
milvus-io_milvus,https://github.com/milvus-io/milvus,0,0,0,0,0,0,0,0,1,0,0,1,
daos-stack_daos,https://github.com/daos-stack/daos,0,0,0,0,0,0,0,0,1,0,0,0,
weseek_growi,https://github.com/weseek/growi,0,0,0,0,1,0,0,0,1,0,0,0,C:\Users\camyi\weseek_growi\apps\app\docker\codebuild\codebuild.tf
onap_clamp,https://github.com/onap/clamp,0,0,0,0,0,0,0,0,1,0,0,0,
4teamwork_opengever.core,https://github.com/4teamwork/opengever.core,0,0,0,0,0,0,0,0,1,0,0,0,
codalab_codalab-competitions,https://github.com/codalab/codalab-competitions,0,0,0,0,0,0,0,0,1,0,0,0,
pravega_pravega,https://github.com/pravega/pravega,0,0,0,0,0,0,0,0,1,0,0,0,
sillsdev_web-languageforge,https://github.com/sillsdev/web-languageforge,0,0,0,0,0,0,0,0,1,0,0,0,
mesosphere_marathon,https://github.com/mesosphere/marathon,1,0,0,0,0,0,0,0,1,0,0,0,C:\Users\camyi\mesosphere_marathon\tests\jepsen\Vagrantfile
rucio_rucio,https://github.com/rucio/rucio,0,0,0,0,0,0,0,0,1,0,0,0,
MarkUsProject_Markus,https://github.com/MarkUsProject/Markus,1,0,0,0,0,0,0,0,1,0,0,0,C:\Users\camyi\MarkUsProject_Markus\Vagrantfile
onap_multicloud-k8s,https://github.com/onap/multicloud-k8s,1,0,0,0,0,0,0,0,1,0,0,1,C:\Users\camyi\onap_multicloud-k8s\kud\hosting_providers\containerized\testing\Vagrantfile
poanetwork_blockscout,https://github.com/poanetwork/blockscout,0,0,0,0,0,0,0,0,1,0,0,0,
hyperledger_besu,https://github.com/hyperledger/besu,0,0,0,0,0,0,0,0,1,0,0,0,
alchemy-fr_Phraseanet,https://github.com/alchemy-fr/Phraseanet,1,0,0,0,0,0,0,0,1,0,0,0,C:\Users\camyi\alchemy-fr_Phraseanet\Vagrantfile
ovh_cds,https://github.com/ovh/cds,0,0,0,0,0,0,0,0,1,0,0,0,
wellcometrust_wellcomecollection.org,https://github.com/wellcometrust/wellcomecollection.org,0,1,0,0,1,0,0,0,1,0,0,0,C:\Users\camyi\wellcometrust_wellcomecollection.org\.gitbook.yml;C:\Users\camyi\wellcometrust_wellcomecollection.org\assets\terraform\versions.tf
bcgov_moh-prime,https://github.com/bcgov/moh-prime,0,0,0,0,0,0,0,0,1,0,0,1,
scalingpythonml_scalingpythonml.github.io,https://github.com/scalingpythonml/scalingpythonml.github.io,0,0,0,0,0,0,0,0,1,0,0,0,
dockersamples_example-voting-app,https://github.com/dockersamples/example-voting-app,0,0,0,0,0,0,0,0,1,0,0,0,
openstates_openstates-scrapers,https://github.com/openstates/openstates-scrapers,0,0,0,0,0,0,0,0,1,0,0,0,
virtualcell_vcell,https://github.com/virtualcell/vcell,1,0,0,0,0,0,0,0,1,0,0,0,C:\Users\camyi\virtualcell_vcell\docker\build\singularity-vm\Vagrantfile
hummingbird-me_kitsu-tools,https://github.com/hummingbird-me/kitsu-tools,0,0,0,0,0,0,0,0,1,0,0,0,
sandialabs_scot,https://github.com/sandialabs/scot,0,0,0,0,0,0,0,0,1,0,0,0,
cortexproject_cortex,https://github.com/cortexproject/cortex,0,0,0,0,0,0,0,1,1,0,0,1,C:\Users\camyi\cortexproject_cortex\vendor\github.com\Azure\azure-sdk-for-go\sdk\azidentity\test-resources.bicep
fedspendingtransparency_usaspending-api,https://github.com/fedspendingtransparency/usaspending-api,0,0,0,0,0,0,0,0,1,0,0,0,
jenkins-x_jx-docs,https://github.com/jenkins-x/jx-docs,0,0,0,0,0,0,0,0,1,0,0,0,
DFE-Digital_apply-for-teacher-training,https://github.com/DFE-Digital/apply-for-teacher-training,0,0,0,0,1,0,0,0,1,0,0,0,C:\Users\camyi\DFE-Digital_apply-for-teacher-training\jmeter\variables.tf
apache_kudu,https://github.com/apache/kudu,0,0,0,0,0,0,0,0,1,0,0,0,
lsst_qserv,https://github.com/lsst/qserv,0,0,0,0,0,0,0,0,1,0,0,0,
adorsys_xs2a,https://github.com/adorsys/xs2a,0,0,0,0,0,0,0,0,1,0,0,0,
hmcts_ccpay-payment-app,https://github.com/hmcts/ccpay-payment-app,0,0,1,0,1,0,0,0,1,0,0,0,C:\Users\camyi\hmcts_ccpay-payment-app\infrastructure\template\api.json;C:\Users\camyi\hmcts_ccpay-payment-app\infrastructure\provider.tf
planetarium_NineChronicles,https://github.com/planetarium/NineChronicles,0,0,0,0,0,0,0,0,1,0,0,0,
hotosm_tasking-manager,https://github.com/hotosm/tasking-manager,0,0,0,0,0,0,0,0,1,0,0,0,
mayan-edms_Mayan-EDMS,https://github.com/mayan-edms/Mayan-EDMS,1,0,0,0,0,0,0,0,1,0,0,0,C:\Users\camyi\mayan-edms_Mayan-EDMS\vagrant\Vagrantfile
letsencrypt_boulder,https://github.com/letsencrypt/boulder,0,0,0,0,0,0,0,0,1,0,0,0,
jeff1evesque_machine-learning,https://github.com/jeff1evesque/machine-learning,0,0,0,1,0,0,0,0,1,0,0,0,C:\Users\camyi\jeff1evesque_machine-learning\puppet\environment\docker\modules\mariadb\manifests\bindings.pp
byran_web,https://github.com/byran/web,0,0,0,0,0,0,0,0,1,0,0,0,
avalonmediasystem_avalon,https://github.com/avalonmediasystem/avalon,0,0,0,0,0,0,0,0,1,0,0,0,
raster-foundry_raster-foundry,https://github.com/raster-foundry/raster-foundry,1,0,0,0,0,0,0,0,1,0,0,0,C:\Users\camyi\raster-foundry_raster-foundry\Vagrantfile
collinbarrett_FilterLists,https://github.com/collinbarrett/FilterLists,0,0,0,0,0,0,0,0,0,0,0,0,
OpenDSA_OpenDSA,https://github.com/OpenDSA/OpenDSA,0,0,0,0,0,0,0,0,1,0,0,0,
alephdata_aleph,https://github.com/alephdata/aleph,0,0,0,0,0,0,0,0,1,0,0,1,
owncloud_phoenix,https://github.com/owncloud/phoenix,0,0,0,0,0,0,0,0,1,0,0,0,
czcorpus_kontext,https://github.com/czcorpus/kontext,0,0,0,0,0,0,0,0,1,0,0,0,
stoqs_stoqs,https://github.com/stoqs/stoqs,1,0,0,0,0,0,0,0,1,0,0,0,C:\Users\camyi\stoqs_stoqs\Vagrantfile
amazeeio_lagoon,https://github.com/amazeeio/lagoon,0,0,0,0,0,0,0,0,1,0,0,0,
DataDog_dd-trace-py,https://github.com/DataDog/dd-trace-py,0,0,0,0,0,0,0,0,1,0,0,0,
fedspendingtransparency_data-act-broker-backend,https://github.com/fedspendingtransparency/data-act-broker-backend,0,0,0,0,0,0,0,0,1,0,0,0,
matter-labs_zksync,https://github.com/matter-labs/zksync,0,0,0,0,0,0,0,0,1,0,0,0,
3scale_porta,https://github.com/3scale/porta,0,0,0,0,0,0,0,0,1,0,0,0,
palletone_go-palletone,https://github.com/palletone/go-palletone,1,0,0,0,0,0,0,0,1,0,0,0,C:\Users\camyi\palletone_go-palletone\vendor\github.com\elastic\gosigar\Vagrantfile
FarmBot_Farmbot-Web-App,https://github.com/FarmBot/Farmbot-Web-App,0,0,0,0,0,0,0,0,1,0,0,0,
coopcycle_coopcycle-web,https://github.com/coopcycle/coopcycle-web,0,0,0,0,0,0,0,0,1,0,0,0,
eclipse_kapua,https://github.com/eclipse/kapua,0,0,0,0,0,0,0,0,1,0,0,0,
smrealms_smr,https://github.com/smrealms/smr,0,0,0,0,0,0,0,0,1,0,0,0,
omisego_elixir-omg,https://github.com/omisego/elixir-omg,0,0,0,0,0,0,0,0,1,0,0,0,
rust-lang_crates.io,https://github.com/rust-lang/crates.io,0,0,0,0,0,0,0,0,1,0,0,0,
deviantony_docker-elk,https://github.com/deviantony/docker-elk,0,0,0,0,0,0,0,0,1,0,0,0,
confluentinc_examples,https://github.com/confluentinc/examples,0,0,0,0,0,0,0,0,1,0,0,0,
hashicorp_waypoint,https://github.com/hashicorp/waypoint,0,0,0,0,0,0,0,0,1,0,1,0,
tmtsoftware_csw,https://github.com/tmtsoftware/csw,0,0,0,0,0,0,0,0,1,0,0,0,
akka_alpakka,https://github.com/akka/alpakka,0,0,0,0,0,0,0,0,1,0,0,0,
comic_grand-challenge.org,https://github.com/comic/grand-challenge.org,0,0,0,0,0,0,0,0,1,0,0,0,
skywatch-jtv_agile-lorawan-support,https://github.com/skywatch-jtv/agile-lorawan-support,0,0,0,0,0,0,0,0,1,0,0,0,
bcgov_jag-file-submission,https://github.com/bcgov/jag-file-submission,0,0,0,0,0,0,0,0,1,0,0,0,
prisma_prisma-engines,https://github.com/prisma/prisma-engines,0,0,0,0,0,0,0,0,1,0,0,0,
hmcts_tribunals-case-api,https://github.com/hmcts/tribunals-case-api,0,0,0,0,1,0,0,0,1,0,0,0,
andryyy_mailcow-dockerized,https://github.com/andryyy/mailcow-dockerized,0,0,0,0,0,0,0,0,1,0,0,0,
Solinea_goldstone-server,https://github.com/Solinea/goldstone-server,1,0,0,0,0,0,0,0,1,0,0,0,C:\Users\camyi\Solinea_goldstone-server\rpm_packaging\Vagrantfile
MTG_freesound,https://github.com/MTG/freesound,0,0,0,0,0,0,0,0,1,0,0,0,
FightPandemics_FightPandemics,https://github.com/FightPandemics/FightPandemics,0,0,0,0,1,0,0,0,1,0,0,0,C:\Users\camyi\FightPandemics_FightPandemics\services\notification\deploy\main.tf
CaliOpen_Caliopen,https://github.com/CaliOpen/Caliopen,0,0,0,0,0,0,0,0,1,0,0,0,
creativesoftwarefdn_weaviate,https://github.com/creativesoftwarefdn/weaviate,0,0,0,0,1,0,0,0,1,0,0,0,C:\Users\camyi\creativesoftwarefdn_weaviate\test\benchmark\remote\terraform\main.tf
eHealthAfrica_aether,https://github.com/eHealthAfrica/aether,0,0,0,0,0,0,0,0,1,0,0,0,
ministryofjustice_opg-use-an-lpa,https://github.com/ministryofjustice/opg-use-an-lpa,0,0,0,0,1,0,0,0,1,0,0,0,C:\Users\camyi\ministryofjustice_opg-use-an-lpa\terraform\account\autoscaling_role.tf
appwrite_appwrite,https://github.com/appwrite/appwrite,0,0,0,0,0,0,0,0,1,0,0,0,
harvard-lil_capstone,https://github.com/harvard-lil/capstone,0,0,0,0,0,0,0,0,1,0,0,0,
EOL_eol_website,https://github.com/EOL/eol_website,0,0,0,0,0,0,0,0,1,0,0,0,
nymtech_nym,https://github.com/nymtech/nym,0,0,0,0,0,0,0,0,1,0,0,0,
bugsnag_bugsnag-js,https://github.com/bugsnag/bugsnag-js,0,0,0,0,0,0,0,0,1,0,0,0,
astarte-platform_astarte,https://github.com/astarte-platform/astarte,0,0,0,0,0,0,0,0,1,0,0,0,
remp2020_remp,https://github.com/remp2020/remp,0,1,0,0,0,0,0,0,1,0,0,0,C:\Users\camyi\remp2020_remp\.gitlab-ci.yml
CovenantSQL_CovenantSQL,https://github.com/CovenantSQL/CovenantSQL,0,0,0,0,0,0,0,0,1,0,0,0,
jpetazzo_container.training,https://github.com/jpetazzo/container.training,1,1,0,0,1,0,0,0,1,0,0,1,C:\Users\camyi\jpetazzo_container.training\prepare-local\Vagrantfile;C:\Users\camyi\jpetazzo_container.training\k8s\ytt\8-library\app.yaml;C:\Users\camyi\jpetazzo_container.training\prepare-labs\terraform\many-kubernetes\providers.tf
microservices-demo_front-end,https://github.com/microservices-demo/front-end,0,0,0,0,0,0,0,0,1,0,0,0,
RedHatInsights_vmaas,https://github.com/RedHatInsights/vmaas,0,0,0,0,0,0,0,0,1,0,0,1,
dainst_cilantro,https://github.com/dainst/cilantro,0,0,0,0,0,0,0,0,1,0,0,0,
hypertrace_hypertrace-service,https://github.com/hypertrace/hypertrace-service,0,0,0,0,0,0,0,0,1,0,0,0,
moira-alert_moira,https://github.com/moira-alert/moira,0,0,0,0,0,0,0,0,1,0,0,0,
HubSpot_Baragon,https://github.com/HubSpot/Baragon,0,0,0,0,0,0,0,0,1,0,0,0,
DaisukeHirata_express-typescript-openapi3,https://github.com/DaisukeHirata/express-typescript-openapi3,0,1,0,0,0,0,0,0,1,0,0,0,C:\Users\camyi\DaisukeHirata_express-typescript-openapi3\image-resizer-service\.serverless\cloudformation-template-create-stack.json
wazo-platform_wazo-auth,https://github.com/wazo-platform/wazo-auth,0,0,0,0,0,0,0,0,1,0,0,0,
nextcloud_docker,https://github.com/nextcloud/docker,0,0,0,0,0,0,0,0,1,0,0,0,
ProjectEKA_consent-manager,https://github.com/ProjectEKA/consent-manager,0,0,0,0,0,0,0,0,1,0,0,0,
digirati-co-uk_madoc-platform,https://github.com/digirati-co-uk/madoc-platform,0,0,0,0,0,0,0,0,1,0,0,0,
wazo-platform_wazo-calld,https://github.com/wazo-platform/wazo-calld,0,0,0,0,0,0,0,0,1,0,0,0,
cyber-dojo_runner,https://github.com/cyber-dojo/runner,0,0,0,0,1,0,0,0,1,0,0,0,C:\Users\camyi\cyber-dojo_runner\deployment\terraform\data.tf
topcoder-platform_tc-project-service,https://github.com/topcoder-platform/tc-project-service,0,0,0,0,0,0,0,0,1,0,0,0,
ikemtz_Nurser,https://github.com/ikemtz/Nurser,0,0,0,0,0,0,0,0,1,0,0,0,
MAIF_izanami,https://github.com/MAIF/izanami,0,0,0,0,0,0,0,0,1,0,0,0,
RasaHQ_rasa-sdk,https://github.com/RasaHQ/rasa-sdk,0,0,0,0,0,0,0,0,1,0,0,0,
Greenstand_treetracker-admin,https://github.com/Greenstand/treetracker-admin,0,0,0,0,0,0,0,0,1,0,0,0,
SoftwareAG_sagdevops-templates,https://github.com/SoftwareAG/sagdevops-templates,0,0,0,0,0,0,0,0,1,0,0,0,
gnosis_safe-transaction-service,https://github.com/gnosis/safe-transaction-service,0,0,0,0,0,0,0,0,1,0,0,0,
overture-stack_score,https://github.com/overture-stack/score,0,0,0,0,0,0,0,0,1,0,0,0,
HBPMedical_mip-deployment,https://github.com/HBPMedical/mip-deployment,0,0,0,0,0,0,0,0,1,0,0,0,
Combitech_codefarm,https://github.com/Combitech/codefarm,0,0,0,0,0,0,0,0,1,0,0,0,
shopgate_connect-integration-sdk,https://github.com/shopgate/connect-integration-sdk,0,0,0,0,0,0,0,0,1,0,0,0,
piomin_sample-spring-microservices,https://github.com/piomin/sample-spring-microservices,0,0,0,0,0,0,0,0,1,0,0,0,
hobbit-project_platform,https://github.com/hobbit-project/platform,0,0,0,0,0,0,0,0,1,0,0,0,
OpenLMIS_openlmis-ref-distro,https://github.com/OpenLMIS/openlmis-ref-distro,0,0,0,0,0,0,0,0,1,0,0,0,
OADA_oada-srvc-docker,https://github.com/OADA/oada-srvc-docker,0,0,0,0,0,0,0,0,1,0,0,1,
moondev_million-song-library,https://github.com/moondev/million-song-library,0,0,0,0,0,0,0,0,1,0,0,0,
lblod_app-demo-editor,https://github.com/lblod/app-demo-editor,0,0,0,0,0,0,0,0,1,0,0,0,
Engineering-Research-and-Development_true-connector-execution_core_container,https://github.com/Engineering-Research-and-Development/true-connector-execution_core_container,0,0,0,0,0,0,0,0,1,0,0,0,
cuappdev_ithaca-transit-backend,https://github.com/cuappdev/ithaca-transit-backend,0,0,0,0,0,0,0,0,1,0,0,0,
EMSL-MSC_pacifica-upload-status,https://github.com/EMSL-MSC/pacifica-upload-status,0,0,0,0,0,0,0,0,1,0,0,0,
pelias_docker,https://github.com/pelias/docker,0,0,0,0,0,0,0,0,1,0,0,0,
Viveckh_Veniqa,https://github.com/Viveckh/Veniqa,0,0,0,0,0,0,0,0,1,0,0,0,
savantly-net_sprout-platform,https://github.com/savantly-net/sprout-platform,0,0,0,0,0,0,0,0,1,0,0,0,
theparanoids_ashirt-server,https://github.com/theparanoids/ashirt-server,0,0,0,0,0,0,0,0,1,0,0,0,
FAForever_faf-stack,https://github.com/FAForever/faf-stack,0,0,0,0,0,0,0,0,1,0,0,0,
sorry-cypress_sorry-cypress,https://github.com/sorry-cypress/sorry-cypress,0,1,0,0,0,0,0,0,1,0,0,0,C:\Users\camyi\sorry-cypress_sorry-cypress\cloudformation\sorry-cypress-advanced-deployment.yml
firezone_firezone,https://github.com/firezone/firezone,0,0,0,0,1,0,0,0,1,0,0,0,C:\Users\camyi\firezone_firezone\terraform\environments\performance\variables.tf
cygnusb2b_radix,https://github.com/cygnusb2b/radix,0,0,0,0,0,0,0,0,1,0,0,0,
tisboyo_Twitch_Bot,https://github.com/tisboyo/Twitch_Bot,0,0,0,0,0,0,0,0,1,0,0,0,
pagarme_superbowleto,https://github.com/pagarme/superbowleto,0,0,0,0,0,0,0,0,1,0,0,0,
globocom_vault,https://github.com/globocom/vault,0,0,0,0,0,0,0,0,1,0,0,0,
checkr_flagr,https://github.com/checkr/flagr,0,0,0,0,0,0,0,0,1,0,0,0,
somleng_somleng-project,https://github.com/somleng/somleng-project,0,0,0,0,1,0,0,0,1,0,0,0,C:\Users\camyi\somleng_somleng-project\infrastructure\somleng\aws_activate_1\bootstrap\iam_users.tf
codefordc_dc-campaign-finance-watch,https://github.com/codefordc/dc-campaign-finance-watch,0,0,0,0,0,0,0,0,1,0,0,0,
instedd_oasis,https://github.com/instedd/oasis,0,0,0,0,0,0,0,0,1,0,0,0,
TheRestartProject_RepairDirectory,https://github.com/TheRestartProject/RepairDirectory,0,0,0,0,0,0,0,0,1,0,0,0,
zeeguu-ecosystem_Zeeguu-API,https://github.com/zeeguu-ecosystem/Zeeguu-API,0,0,0,0,0,0,0,0,1,0,0,0,
uavaustin_orchestra,https://github.com/uavaustin/orchestra,0,0,0,0,0,0,0,0,1,0,0,0,
lidarr_LidarrAPI.Metadata,https://github.com/lidarr/LidarrAPI.Metadata,0,0,0,0,0,0,0,0,1,0,0,0,
lightninglabs_loop,https://github.com/lightninglabs/loop,0,0,0,0,0,0,0,0,1,0,0,0,
zavada-sergey_TradeUnionCommittee.Web.App,https://github.com/zavada-sergey/TradeUnionCommittee.Web.App,0,0,0,0,0,0,0,0,1,0,0,0,
CodelyTV_php-ddd-example,https://github.com/CodelyTV/php-ddd-example,0,0,0,0,0,0,0,0,1,0,0,0,
interlay_polkabtc-js,https://github.com/interlay/polkabtc-js,0,0,0,0,0,0,0,0,1,0,0,0,
FudanSELab_train-ticket,https://github.com/FudanSELab/train-ticket,0,0,0,0,0,0,0,0,1,0,0,1,
bcgov_von-bc-registries,https://github.com/bcgov/von-bc-registries,0,0,0,0,0,0,0,0,1,0,0,0,
Donders-Institute_streamer,https://github.com/Donders-Institute/streamer,0,0,0,0,0,0,0,0,1,0,0,0,
networknt_light-config-test,https://github.com/networknt/light-config-test,0,0,0,0,0,0,0,0,1,0,0,1,
dojot_docker-compose,https://github.com/dojot/docker-compose,0,0,0,0,0,0,0,0,1,0,0,0,
sagikazarmark_modern-go-application,https://github.com/sagikazarmark/modern-go-application,0,0,0,0,0,0,0,0,1,0,0,0,
Cingulara_openrmf-docs,https://github.com/Cingulara/openrmf-docs,0,0,0,0,0,0,0,0,1,0,0,1,
OpenCodeFoundation_eSchool,https://github.com/OpenCodeFoundation/eSchool,0,0,0,0,0,0,0,0,1,0,0,0,
sflpro_notifier,https://github.com/sflpro/notifier,0,0,0,0,0,0,0,0,1,0,0,0,
Netflix_mantis,https://github.com/Netflix/mantis,0,0,0,0,0,0,0,0,0,0,0,0,
SasanLabs_VulnerableApp,https://github.com/SasanLabs/VulnerableApp,0,0,0,0,0,0,0,0,1,0,0,0,
barcus_bareos,https://github.com/barcus/bareos,0,0,0,0,0,0,0,0,1,0,0,0,
opensanca_opensanca_jobs,https://github.com/opensanca/opensanca_jobs,0,0,0,0,0,0,0,0,1,0,0,0,
ivanpaulovich_clean-architecture-manga,https://github.com/ivanpaulovich/clean-architecture-manga,0,0,0,0,0,0,0,0,1,0,0,0,
StackStorm_st2-docker,https://github.com/StackStorm/st2-docker,0,0,0,0,0,0,0,0,1,0,0,0,
big-data-europe_docker-hadoop,https://github.com/big-data-europe/docker-hadoop,0,0,0,0,0,0,0,0,1,0,0,0,
microsoft_kafka-connect-cosmosdb,https://github.com/microsoft/kafka-connect-cosmosdb,0,0,0,0,0,0,0,0,1,0,0,0,
mwinteringham_restful-booker-platform,https://github.com/mwinteringham/restful-booker-platform,0,0,0,0,0,0,0,0,1,0,0,1,
HotMaps_Hotmaps-toolbox-service,https://github.com/HotMaps/Hotmaps-toolbox-service,0,0,0,0,0,0,0,0,1,0,0,0,
grin-pool_grin-pool,https://github.com/grin-pool/grin-pool,0,0,0,0,0,0,0,0,1,0,0,0,
pyaiot_pyaiot,https://github.com/pyaiot/pyaiot,0,0,0,0,0,0,0,0,1,0,0,0,
chaoss_grimoirelab,https://github.com/chaoss/grimoirelab,0,0,0,0,0,0,0,0,1,0,0,0,
dpukhkaiev_BRISE2,https://github.com/dpukhkaiev/BRISE2,0,0,0,0,0,0,0,0,1,0,0,0,
keep-network_local-setup,https://github.com/keep-network/local-setup,1,0,0,0,0,0,0,0,1,0,0,0,C:\Users\camyi\keep-network_local-setup\deployments\local-setup-instance\Vagrantfile
tinkerbell_boots,https://github.com/tinkerbell/boots,0,0,0,0,0,0,0,0,1,0,0,0,
BuoyantIO_emojivoto,https://github.com/BuoyantIO/emojivoto,0,0,0,0,0,0,0,0,1,0,0,1,
ems-project_elasticms,https://github.com/ems-project/elasticms,0,0,0,0,0,0,0,0,1,0,0,0,
vietnam-devs_coolstore-microservices,https://github.com/vietnam-devs/coolstore-microservices,0,0,0,0,0,0,0,1,1,0,0,1,C:\Users\camyi\vietnam-devs_coolstore-microservices\deploys\bicep\main.bicep
OpenLiberty_liberty-bikes,https://github.com/OpenLiberty/liberty-bikes,0,0,0,0,0,0,0,0,1,0,0,0,
mozilla-conduit_lando-api,https://github.com/mozilla-conduit/lando-api,0,0,0,0,0,0,0,0,1,0,0,0,
tshuck_musicbox-api,https://github.com/tshuck/musicbox-api,0,0,0,0,0,0,0,0,1,0,0,0,
bcgov_EDUC-ECAS,https://github.com/bcgov/EDUC-ECAS,0,0,0,0,0,0,0,0,1,0,0,0,
camba1_gotemp,https://github.com/camba1/gotemp,0,0,0,0,0,0,0,0,1,0,0,0,
CIMonitor_CIMonitor,https://github.com/CIMonitor/CIMonitor,0,0,0,0,0,0,0,0,1,0,0,0,
mikesplain_openvas-docker,https://github.com/mikesplain/openvas-docker,0,0,0,0,0,0,0,0,1,0,0,0,
ienoobong_mmadu,https://github.com/ienoobong/mmadu,0,0,0,0,0,0,0,0,1,0,0,0,
OpenLMIS_openlmis-contract-tests,https://github.com/OpenLMIS/openlmis-contract-tests,0,0,0,0,0,0,0,0,1,0,0,0,
hypertrace_hypertrace,https://github.com/hypertrace/hypertrace,0,0,0,0,0,0,0,0,1,0,0,1,
RADAR-base_RADAR-Rest-Source-Auth,https://github.com/RADAR-base/RADAR-Rest-Source-Auth,0,0,0,0,0,0,0,0,1,0,0,0,
kubemq-io_kubemq-targets,https://github.com/kubemq-io/kubemq-targets,0,0,0,0,0,0,0,0,1,0,0,1,
gavr-games_lords,https://github.com/gavr-games/lords,0,0,0,0,0,0,0,0,1,0,0,0,
MicrosoftDocs_mslearn-aspnet-core,https://github.com/MicrosoftDocs/mslearn-aspnet-core,0,0,0,0,0,0,0,0,1,0,0,1,
NEURONE-IL_neurone,https://github.com/NEURONE-IL/neurone,0,0,0,0,0,0,0,0,1,0,0,0,
ioos_glider-dac,https://github.com/ioos/glider-dac,0,0,0,0,0,0,0,0,1,0,0,0,
strangesast_core,https://github.com/strangesast/core,0,0,0,0,0,0,0,0,1,0,0,0,
yacy_yacy_grid_mcp,https://github.com/yacy/yacy_grid_mcp,0,0,0,0,0,0,0,0,1,0,0,0,
dotnet-architecture_eShopModernizing,https://github.com/dotnet-architecture/eShopModernizing,0,0,1,0,0,0,0,0,1,0,0,0,C:\Users\camyi\dotnet-architecture_eShopModernizing\ACI\aci.json
greenpress_greenpress,https://github.com/greenpress/greenpress,0,0,0,0,0,0,0,0,1,0,0,0,
hashintel_engine,https://github.com/hashintel/engine,0,0,0,0,1,0,0,0,1,0,0,0,C:\Users\camyi\hashintel_engine\infra\terraform\hash\variables.tf
EGA-archive_beacon-2.x,https://github.com/EGA-archive/beacon-2.x,0,0,0,0,0,0,0,0,1,0,0,0,
psisoyev_train-station,https://github.com/psisoyev/train-station,0,0,0,0,0,0,0,0,1,0,0,0,
tokend_developer-edition,https://github.com/tokend/developer-edition,0,0,0,0,0,0,0,0,1,0,0,0,
BrainBackup_bb8,https://github.com/BrainBackup/bb8,0,0,0,0,0,0,0,0,1,0,0,0,
gctools-outilsgc_profile_service,https://github.com/gctools-outilsgc/profile_service,0,0,0,0,0,0,0,0,1,0,0,0,
Patrik-Stas_indyscan,https://github.com/Patrik-Stas/indyscan,0,0,0,0,1,0,0,0,1,0,0,0,C:\Users\camyi\Patrik-Stas_indyscan\start-aws\variables.tf
azavea_tilegarden,https://github.com/azavea/tilegarden,0,0,0,0,0,0,0,0,1,0,0,0,
Bauer-Xcel-Media_node-healthchecks-api,https://github.com/Bauer-Xcel-Media/node-healthchecks-api,0,0,0,0,0,0,0,0,1,0,0,0,
MEAE-GOT_WAII,https://github.com/MEAE-GOT/WAII,0,0,0,0,0,0,0,0,0,0,0,0,
pagarme_tldr,https://github.com/pagarme/tldr,0,0,0,0,0,0,0,0,1,0,0,0,
rodrigorodrigues_microservices-design-patterns,https://github.com/rodrigorodrigues/microservices-design-patterns,0,0,0,0,0,0,0,0,1,0,0,1,
hubcare_hubcare-api,https://github.com/hubcare/hubcare-api,0,0,0,0,0,0,0,0,1,0,0,0,
SrinivasanTarget_ContractTestingBoilerplate,https://github.com/SrinivasanTarget/ContractTestingBoilerplate,0,0,0,0,0,0,0,0,1,0,0,0,
CoorpAcademy_serverless-plugins,https://github.com/CoorpAcademy/serverless-plugins,0,0,0,0,0,0,0,0,1,0,0,0,
teffland_FoodborneNYC,https://github.com/teffland/FoodborneNYC,0,0,0,0,0,0,0,0,1,0,0,0,
phongnguyend_Practical.CleanArchitecture,https://github.com/phongnguyend/Practical.CleanArchitecture,0,0,0,0,1,0,0,1,1,0,0,0,C:\Users\camyi\phongnguyend_Practical.CleanArchitecture\deployments\Azure\terraform\locals.tf;C:\Users\camyi\phongnguyend_Practical.CleanArchitecture\deployments\Azure\bicep\main.bicep
barnumd_idp-in-a-box,https://github.com/barnumd/idp-in-a-box,0,0,0,0,1,0,0,0,1,0,0,0,C:\Users\camyi\barnumd_idp-in-a-box\terraform\000-core\vars.tf
KSP-CKAN_NetKAN-Infra,https://github.com/KSP-CKAN/NetKAN-Infra,0,0,0,0,0,0,0,0,1,0,0,0,
transitco_serviceOffer,https://github.com/transitco/serviceOffer,0,0,0,0,0,0,0,0,1,0,0,0,
FUB-HCC_IKON-backend,https://github.com/FUB-HCC/IKON-backend,0,0,0,0,0,0,0,0,1,0,0,0,
wazo-platform_wazo-phoned,https://github.com/wazo-platform/wazo-phoned,0,0,0,0,0,0,0,0,1,0,0,0,
ukwa_ukwa-heritrix,https://github.com/ukwa/ukwa-heritrix,0,0,0,0,0,0,0,0,1,0,0,0,
geoserver_geoserver-cloud,https://github.com/geoserver/geoserver-cloud,0,0,0,0,0,0,0,0,1,0,0,0,
confluentinc_cp-all-in-one,https://github.com/confluentinc/cp-all-in-one,0,0,0,0,0,0,0,0,1,0,0,0,
pclubiitk_puppy-love,https://github.com/pclubiitk/puppy-love,0,0,0,0,0,0,0,0,1,0,0,0,
mozilla-services_autograph-edge,https://github.com/mozilla-services/autograph-edge,0,0,0,0,0,0,0,0,1,0,0,0,
CMLPlatform_ramascene,https://github.com/CMLPlatform/ramascene,0,0,0,0,0,0,0,0,1,0,0,0,
Reconmap_api-backend,https://github.com/Reconmap/api-backend,0,0,0,0,0,0,0,0,1,0,0,0,
makeitfine-org_mif,https://github.com/makeitfine-org/mif,0,0,0,0,0,0,0,0,1,0,0,0,
HenryQW_Awesome-TTRSS,https://github.com/HenryQW/Awesome-TTRSS,0,0,0,0,0,0,0,0,1,0,0,0,
vmudigal_microservices-sample,https://github.com/vmudigal/microservices-sample,0,0,0,0,0,0,0,0,1,0,0,0,
skalogs_SkaETL,https://github.com/skalogs/SkaETL,0,0,0,0,0,0,0,0,1,0,0,0,
MuizMahdi_EHR-Route,https://github.com/MuizMahdi/EHR-Route,0,0,0,0,0,0,0,0,1,0,0,0,
sebgl_htpc-download-box,https://github.com/sebgl/htpc-download-box,1,0,0,0,0,0,0,0,1,0,0,0,C:\Users\camyi\sebgl_htpc-download-box\Vagrantfile
QwantResearch_kartotherian_docker,https://github.com/QwantResearch/kartotherian_docker,0,0,0,0,0,0,0,0,1,0,0,0,
keylime_rust-keylime,https://github.com/keylime/rust-keylime,0,0,0,0,0,0,0,0,1,0,0,0,
microservices-patterns_ftgo-application,https://github.com/microservices-patterns/ftgo-application,0,0,0,0,0,0,0,0,1,0,0,0,
linianhui_oidc.example,https://github.com/linianhui/oidc.example,0,0,0,0,0,0,0,0,1,0,0,0,
mediaforensics_medifor,https://github.com/mediaforensics/medifor,0,0,0,0,0,0,0,0,1,0,0,0,
RedHatInsights_insights-puptoo,https://github.com/RedHatInsights/insights-puptoo,0,0,0,0,0,0,0,0,1,0,0,1,
fundacionempowerment_VACH,https://github.com/fundacionempowerment/VACH,0,0,0,0,0,0,0,0,1,0,0,0,
cloudlibz_clocal-azure,https://github.com/cloudlibz/clocal-azure,0,0,0,0,0,0,0,0,1,0,0,0,
Hygieia_ExecDashboard,https://github.com/Hygieia/ExecDashboard,0,0,0,0,0,0,0,0,1,0,0,0,
lblod_app-toezicht-abb,https://github.com/lblod/app-toezicht-abb,0,0,0,0,0,0,0,0,1,0,0,0,
behaviosec_explore-flink,https://github.com/behaviosec/explore-flink,0,0,0,0,0,0,0,0,1,0,0,0,
marein_php-gaming-website,https://github.com/marein/php-gaming-website,0,0,0,0,0,0,0,0,1,0,0,0,
daggerok_streaming-file-server,https://github.com/daggerok/streaming-file-server,0,0,0,0,0,0,0,0,1,0,0,0,
mozilla-conduit_lando-ui,https://github.com/mozilla-conduit/lando-ui,0,0,0,0,0,0,0,0,1,0,0,0,
elastest_elastest-bigdata-service,https://github.com/elastest/elastest-bigdata-service,0,0,0,0,0,0,0,0,1,0,0,0,
polytechnice-si_4A_ISA_TheCookieFactory,https://github.com/polytechnice-si/4A_ISA_TheCookieFactory,0,0,0,0,0,0,0,0,1,0,0,0,
georchestra_docker,https://github.com/georchestra/docker,0,0,0,0,0,0,0,0,1,0,0,0,
mcci-catena_docker-iot-dashboard,https://github.com/mcci-catena/docker-iot-dashboard,0,0,0,0,0,0,0,0,1,0,0,0,
secret-tech_backend-ico-dashboard,https://github.com/secret-tech/backend-ico-dashboard,0,0,0,0,0,0,0,0,1,0,0,0,
cmgl_product-model-toolkit,https://github.com/cmgl/product-model-toolkit,0,0,0,0,0,0,0,0,1,0,0,0,
Waziup_WaziGate,https://github.com/Waziup/WaziGate,0,0,0,0,0,0,0,0,1,0,0,0,
datakaveri_iudx-catalogue-server,https://github.com/datakaveri/iudx-catalogue-server,0,0,0,0,0,0,0,0,1,0,0,0,
dgutman_webix_image_organizer,https://github.com/dgutman/webix_image_organizer,0,0,0,0,0,0,0,0,1,0,0,0,
jmpsec_osctrl,https://github.com/jmpsec/osctrl,0,0,0,0,0,0,0,0,0,0,0,0,
dice-group_Basilisk,https://github.com/dice-group/Basilisk,0,0,0,0,0,0,0,0,1,0,0,0,
petabridge_Cluster.WebCrawler,https://github.com/petabridge/Cluster.WebCrawler,0,0,0,0,0,0,0,0,1,0,0,0,
GeoKnow_LinkedGeoData,https://github.com/GeoKnow/LinkedGeoData,0,0,0,0,0,0,0,0,1,0,0,0,
pagidas_cryptobot,https://github.com/pagidas/cryptobot,0,0,0,0,0,0,0,0,1,0,0,0,
lightstep_opentelemetry-examples,https://github.com/lightstep/opentelemetry-examples,0,0,0,0,0,0,0,0,1,0,0,1,
MathieuB1_KOREK,https://github.com/MathieuB1/KOREK,0,0,0,0,0,0,0,0,1,0,0,0,
FantasticFiasco_serilog-sinks-http-elastic-stack,https://github.com/FantasticFiasco/serilog-sinks-http-elastic-stack,0,0,0,0,0,0,0,0,1,0,0,0,
jongio_memealyzer,https://github.com/jongio/memealyzer,0,0,0,0,0,0,0,1,1,0,0,0,C:\Users\camyi\jongio_memealyzer\iac\main.bicep
mvs-org_explorer,https://github.com/mvs-org/explorer,0,0,0,0,0,0,0,0,1,0,0,0,
kkosiba_ecommerce-backend,https://github.com/kkosiba/ecommerce-backend,0,0,0,0,0,0,0,0,1,0,0,0,
ome_omero-ms-zarr,https://github.com/ome/omero-ms-zarr,0,0,0,0,0,0,0,0,1,0,0,0,
cod1ng-earth_coding-earth,https://github.com/cod1ng-earth/coding-earth,0,0,0,0,0,0,0,0,1,0,0,0,
kartoza_docker-osm,https://github.com/kartoza/docker-osm,0,0,0,0,0,0,0,0,1,0,0,0,
ealexisaraujo_product-collector,https://github.com/ealexisaraujo/product-collector,0,0,0,0,0,0,0,0,1,0,0,0,
flowant_website,https://github.com/flowant/website,0,0,0,0,0,0,0,0,1,0,0,1,
geisekss_mmdemo-dockerized,https://github.com/geisekss/mmdemo-dockerized,0,0,0,0,0,0,0,0,1,0,0,0,
mimo-labs_core-server,https://github.com/mimo-labs/core-server,0,0,0,0,0,0,0,0,1,0,0,0,
TerraMA2_docker,https://github.com/TerraMA2/docker,0,0,0,0,0,0,0,0,1,0,0,0,
Financial-Times_native-ingester,https://github.com/Financial-Times/native-ingester,0,0,0,0,0,0,0,0,1,0,0,0,
stackroute_ibm-wave7-lifeline,https://github.com/stackroute/ibm-wave7-lifeline,0,0,0,0,0,0,0,0,1,0,0,0,
tilt-dev_servantes,https://github.com/tilt-dev/servantes,0,0,0,0,0,0,0,0,1,0,0,1,
junjuew_OpenTPOD,https://github.com/junjuew/OpenTPOD,0,0,0,0,0,0,0,0,1,0,0,0,
vigneshwari-duraisamy_AKSCinemaApp,https://github.com/vigneshwari-duraisamy/AKSCinemaApp,0,0,0,0,0,0,0,0,1,0,0,0,
ivadim_fruitnanny,https://github.com/ivadim/fruitnanny,0,0,0,0,0,0,0,0,1,0,0,0,
gravitee-io_gravitee-docker,https://github.com/gravitee-io/gravitee-docker,0,0,0,0,0,0,0,0,1,0,0,0,
ukwa_ukwa-services,https://github.com/ukwa/ukwa-services,0,0,0,0,0,0,0,0,1,0,0,1,
icebob_catalyst,https://github.com/icebob/catalyst,0,0,0,0,0,0,0,0,1,0,0,0,
itering_subscan-essentials,https://github.com/itering/subscan-essentials,0,0,0,0,0,0,0,0,1,0,0,0,
marten-seemann_quic-network-simulator,https://github.com/marten-seemann/quic-network-simulator,0,0,0,0,0,0,0,0,1,0,0,0,
mattkohl_docker-flask-celery-redis,https://github.com/mattkohl/docker-flask-celery-redis,0,0,0,0,0,0,0,0,1,0,0,0,
cau-se_titan-ccp,https://github.com/cau-se/titan-ccp,0,0,0,0,0,0,0,0,1,0,0,0,
blackducksoftware_hub,https://github.com/blackducksoftware/hub,0,0,0,0,0,0,0,0,1,0,0,0,
PecanProject_BETYdb-YABA,https://github.com/PecanProject/BETYdb-YABA,0,0,0,0,0,0,0,0,1,0,0,0,
vulpemventures_nigiri,https://github.com/vulpemventures/nigiri,0,0,0,0,0,0,0,0,1,0,0,0,
TibebeJS_masterlance,https://github.com/TibebeJS/masterlance,0,0,0,0,0,0,0,0,1,0,0,0,
bcgov_aries-vcr-issuer-controller,https://github.com/bcgov/aries-vcr-issuer-controller,0,0,0,0,0,0,0,0,1,0,0,0,
nevali_acropolis,https://github.com/nevali/acropolis,1,0,0,0,0,0,0,0,1,0,0,0,C:\Users\camyi\nevali_acropolis\Vagrantfile
MieuxVoter_mvapi,https://github.com/MieuxVoter/mvapi,0,0,0,0,0,0,0,0,1,0,0,0,
snatch-dev_Convey,https://github.com/snatch-dev/Convey,0,0,0,0,0,0,0,0,1,0,0,0,
decentralized-identity_universal-registrar,https://github.com/decentralized-identity/universal-registrar,0,0,0,0,0,0,0,0,1,0,0,0,
charlessolar_eShopOnContainersDDD,https://github.com/charlessolar/eShopOnContainersDDD,0,0,0,0,0,0,0,0,1,0,0,0,
bartverdonck_Sitecore-Forms-Extensions,https://github.com/bartverdonck/Sitecore-Forms-Extensions,0,0,0,0,0,0,0,0,1,0,0,0,
gh-network_gateway,https://github.com/gh-network/gateway,0,0,0,0,0,0,0,0,1,0,0,0,
InsightDataScience_Sherlock,https://github.com/InsightDataScience/Sherlock,0,0,0,0,0,0,0,0,1,0,0,0,
syxolk_euro2016,https://github.com/syxolk/euro2016,0,0,0,0,0,0,0,0,1,0,0,0,
FIWARE_tutorials.Time-Series-Data,https://github.com/FIWARE/tutorials.Time-Series-Data,0,0,0,0,0,0,0,0,0,0,0,0,
loomio_loomio-deploy,https://github.com/loomio/loomio-deploy,0,0,0,0,0,0,0,0,1,0,0,0,
mjoniec_Utils,https://github.com/mjoniec/Utils,0,0,0,0,0,0,0,0,1,0,0,0,
erdemdmr_microprofile-samples,https://github.com/erdemdmr/microprofile-samples,0,0,0,0,0,0,0,0,1,0,0,0,
neuland_micro-frontends,https://github.com/neuland/micro-frontends,0,0,0,0,0,0,0,0,1,0,0,0,
tgrall_redis-microservices-demo,https://github.com/tgrall/redis-microservices-demo,0,0,0,0,0,0,0,0,1,0,0,0,
dotnet-architecture_eShopOnDapr,https://github.com/dotnet-architecture/eShopOnDapr,0,1,0,0,0,0,0,1,1,0,0,0,C:\Users\camyi\dotnet-architecture_eShopOnDapr\src\Web\WebStatus\appsettings.json;C:\Users\camyi\dotnet-architecture_eShopOnDapr\deploy\containerapps\main.bicep
bbc_cloud-sync,https://github.com/bbc/cloud-sync,0,0,0,0,0,0,0,0,1,0,0,0,
MrBW_chaos-monkey-spring-boot-demo,https://github.com/MrBW/chaos-monkey-spring-boot-demo,0,0,0,0,0,0,0,0,1,0,0,0,
Wradgio_StretchShop,https://github.com/Wradgio/StretchShop,0,0,0,0,0,0,0,0,1,0,0,0,
oiraqi_immunizer,https://github.com/oiraqi/immunizer,0,0,0,0,0,0,0,0,1,0,0,0,
Shyam-Chen_GraphQL-Stack,https://github.com/Shyam-Chen/GraphQL-Stack,0,0,0,0,0,0,1,0,1,0,0,0,C:\Users\camyi\Shyam-Chen_GraphQL-Stack\iac
rithinch_Event-Driven-Microservices-Sample,https://github.com/rithinch/Event-Driven-Microservices-Sample,0,0,0,0,0,0,0,0,1,0,0,0,
danionescu0_docker-flask-mongodb-example,https://github.com/danionescu0/docker-flask-mongodb-example,0,0,0,0,0,0,0,0,1,0,0,0,
logcorner_LogCorner.EduSync.Speech.Command,https://github.com/logcorner/LogCorner.EduSync.Speech.Command,0,0,0,0,1,0,0,0,1,0,0,0,C:\Users\camyi\logcorner_LogCorner.EduSync.Speech.Command\iac\terraform\apim\providers.tf
Fatezhang_scaffold-cloud,https://github.com/Fatezhang/scaffold-cloud,0,0,0,0,0,0,0,0,1,0,0,0,
gs1_GS1_DigitalLink_Resolver_CE,https://github.com/gs1/GS1_DigitalLink_Resolver_CE,0,0,0,0,0,0,0,0,1,0,0,0,
jaheikki_cucumber-selenide-allure,https://github.com/jaheikki/cucumber-selenide-allure,0,0,0,0,0,0,0,0,1,0,0,0,
oktadeveloper_jhipster-microservices-example,https://github.com/oktadeveloper/jhipster-microservices-example,0,0,0,0,0,0,0,0,1,0,0,0,
radulecu_spring-microservices,https://github.com/radulecu/spring-microservices,0,0,0,0,0,0,0,0,1,0,0,1,
Microservice-API-Patterns_LakesideMutual,https://github.com/Microservice-API-Patterns/LakesideMutual,0,0,0,0,0,0,0,0,1,0,0,0,
zmhassan_streaming-online-analytics-demo,https://github.com/zmhassan/streaming-online-analytics-demo,0,0,0,0,0,0,0,0,1,0,0,0,
DSOI-ALL_devops-microcosm,https://github.com/DSOI-ALL/devops-microcosm,1,1,0,0,0,0,0,0,1,0,0,0,C:\Users\camyi\DSOI-ALL_devops-microcosm\Vagrantfile;C:\Users\camyi\DSOI-ALL_devops-microcosm\AWS\resources\LAYER2_ECS_Containers.yaml
kecorbin_pyosupgrade,https://github.com/kecorbin/pyosupgrade,0,0,0,0,0,0,0,0,1,0,0,0,
alphagov_govuk-docker,https://github.com/alphagov/govuk-docker,0,0,0,0,0,0,0,0,1,0,0,0,
asc-lab_micronaut-microservices-poc,https://github.com/asc-lab/micronaut-microservices-poc,0,0,0,0,0,0,0,0,1,0,0,0,
Amsterdam_dcatd,https://github.com/Amsterdam/dcatd,0,0,0,0,0,0,0,0,1,0,0,0,
aliyun_alibabacloud-microservice-demo,https://github.com/aliyun/alibabacloud-microservice-demo,0,0,0,0,0,0,0,0,1,0,0,1,
aspnetrun_run-aspnetcore-microservices,https://github.com/aspnetrun/run-aspnetcore-microservices,0,0,0,0,0,0,0,0,1,0,0,0,
avi202020_bigdata,https://github.com/avi202020/bigdata,0,0,0,0,0,0,0,0,1,0,0,0,
magenta-aps_os2datascanner,https://github.com/magenta-aps/os2datascanner,0,0,0,0,0,0,0,0,1,0,0,0,
juicycleff_ultimate-backend,https://github.com/juicycleff/ultimate-backend,0,1,0,0,1,0,0,0,1,0,0,0,C:\Users\camyi\juicycleff_ultimate-backend\libs\core\src\i18n\en-US.json;C:\Users\camyi\juicycleff_ultimate-backend\iac\providers.tf
wazo-pbx_wazo-webhookd,https://github.com/wazo-pbx/wazo-webhookd,0,0,0,0,0,0,0,0,1,0,0,0,
EdwinVW_pitstop,https://github.com/EdwinVW/pitstop,0,1,0,0,0,0,0,0,1,0,0,0,C:\Users\camyi\EdwinVW_pitstop\src\AuditlogService\appsettings.json
geonetwork_geonetwork-microservices,https://github.com/geonetwork/geonetwork-microservices,0,0,0,0,0,0,0,0,1,0,0,0,
kiotlog_kiotlog,https://github.com/kiotlog/kiotlog,0,0,0,0,0,0,0,0,1,0,0,0,
pankod_moleculerjs-boilerplate,https://github.com/pankod/moleculerjs-boilerplate,0,0,0,0,0,0,0,0,1,0,0,0,
nquocnghia_microcalc,https://github.com/nquocnghia/microcalc,0,0,0,0,0,0,0,0,1,0,0,0,
xeraa_microservice-monitoring,https://github.com/xeraa/microservice-monitoring,0,0,0,0,1,0,0,0,1,0,0,0,C:\Users\camyi\xeraa_microservice-monitoring\lightsail\variables.tf
reportportal_reportportal,https://github.com/reportportal/reportportal,0,0,0,0,0,0,0,0,1,0,0,0,
microapidev_email-microapi,https://github.com/microapidev/email-microapi,0,0,0,0,0,0,0,0,1,0,0,0,
piomin_sample-spring-microservices-new,https://github.com/piomin/sample-spring-microservices-new,0,0,0,0,0,0,0,0,1,0,0,0,
CODA-19_dashboard,https://github.com/CODA-19/dashboard,0,0,0,0,0,0,0,0,1,0,0,0,
idugalic_micro-company,https://github.com/idugalic/micro-company,0,0,0,0,0,0,0,0,1,0,0,0,
xebialabs_e-commerce-microservice,https://github.com/xebialabs/e-commerce-microservice,0,0,0,0,0,0,0,0,1,0,0,0,
oktadev_java-microservices-examples,https://github.com/oktadev/java-microservices-examples,0,0,0,0,0,0,0,0,1,0,0,1,
harlow_go-micro-services,https://github.com/harlow/go-micro-services,0,0,0,0,0,0,0,0,1,0,0,0,
Sfeir_golang-200,https://github.com/Sfeir/golang-200,0,0,0,0,0,0,0,0,1,0,0,0,
ZeroCater_zc_events,https://github.com/ZeroCater/zc_events,0,0,0,0,0,0,0,0,1,0,0,0,
moleculerjs_moleculer-examples,https://github.com/moleculerjs/moleculer-examples,0,0,0,0,0,0,0,0,1,0,0,0,
lucaschen_microservices-demo,https://github.com/lucaschen/microservices-demo,0,0,0,0,1,0,0,0,1,0,0,0,C:\Users\camyi\lucaschen_microservices-demo\terraform\networking.tf
outstack_enveloper,https://github.com/outstack/enveloper,0,0,0,0,0,0,0,0,1,0,0,0,
kbastani_event-sourcing-microservices-example,https://github.com/kbastani/event-sourcing-microservices-example,0,0,0,0,0,0,0,0,1,0,0,0,
hmisonne_udagrammicroservices,https://github.com/hmisonne/udagrammicroservices,0,0,0,0,0,0,0,0,1,0,0,0,
javieroc_docker-microservices,https://github.com/javieroc/docker-microservices,0,0,0,0,0,0,0,0,1,0,0,0,
harish71_java-microservice,https://github.com/harish71/java-microservice,0,0,0,0,0,0,0,0,1,0,0,0,
dms98br_nest-microservices,https://github.com/dms98br/nest-microservices,0,0,0,0,0,0,0,0,1,0,0,0,
jatinbajaj1_xpresso,https://github.com/jatinbajaj1/xpresso,0,0,0,0,0,0,0,0,1,0,0,0,
buratina_hands-on-microservices-with-typescript-3,https://github.com/buratina/hands-on-microservices-with-typescript-3,0,0,0,0,0,0,0,0,1,0,0,0,
Phyks_medonay,https://github.com/Phyks/medonay,0,0,0,0,0,0,0,0,1,0,0,0,
ninokop_dubbo-demo,https://github.com/ninokop/dubbo-demo,0,0,0,0,0,0,0,0,1,0,0,0,
volak_TodoMVC-DDD-CQRS-EventSourcing,https://github.com/volak/TodoMVC-DDD-CQRS-EventSourcing,0,0,0,0,0,0,0,0,1,0,0,0,
3pillarlabs_hailstorm-sdk,https://github.com/3pillarlabs/hailstorm-sdk,0,0,0,0,0,0,0,0,1,0,0,0,
arcuri82_testing_security_development_enterprise_systems,https://github.com/arcuri82/testing_security_development_enterprise_systems,0,0,0,0,0,0,0,0,1,0,0,0,
Autoscaler_autoscaler,https://github.com/Autoscaler/autoscaler,0,0,0,0,0,0,0,0,0,0,0,0,
apache_skywalking-python,https://github.com/apache/skywalking-python,0,0,0,0,0,0,0,0,1,0,0,0,
avi202020_fx-trading-app,https://github.com/avi202020/fx-trading-app,0,0,0,0,0,0,0,0,1,0,0,0,
atulmy_fullstack-javascript-architecture,https://github.com/atulmy/fullstack-javascript-architecture,0,0,0,0,0,0,0,0,1,0,0,0,
abixen_abixen-platform,https://github.com/abixen/abixen-platform,0,0,0,0,0,0,0,0,1,0,0,0,
apache_skywalking-nodejs,https://github.com/apache/skywalking-nodejs,0,0,0,0,0,0,0,0,1,0,0,0,
andreybavt_Hobo-Sapiens,https://github.com/andreybavt/Hobo-Sapiens,0,0,0,0,0,0,0,0,1,0,0,0,
